Gene,Fold_Change,P_Value,Significant
IFNG,42.303373281125026,2.1506326967917567e-13,True
IL2RA,30.87015062751201,1.8824698104376155e-15,True
TNFA,29.60451697116976,2.6577756147085548e-11,True
