Group,FC_IFNG,FC_IL2RA,FC_TNFA
Active_TB,42.303373281125026,30.87015062751201,29.60451697116976
Control,1.0086353450401107,1.0076355463651026,1.0113956917662068
Latent_TB,7.844881431680098,5.38000217546719,3.630721773283714
